[
    {
      "bodyache": 1,
      "chestpain": 0,
      "coldsweat": 0,
      "confusion": 0,
      "cough": 1,
      "diarrhea": 0,
      "dizziness": 0,
      "dryskin": 0,
      "fatigue": 0,
      "fever": 1,
      "headache": 1,
      "indigestion": 0,
      "itching": 0,
      "nausea": 0,
      "numbness": 0,
      "rash": 0,
      "runnynose": 1,
      "shortofbreath": 0,
      "sneezing": 1,
      "sorethroat": 1,
      "swelling": 0,
      "troubleseeing": 0,
      "troublewalking": 0,
      "illness": "cold"
    },
    {
      "bodyache": 1,
      "chestpain": 0,
      "coldsweat": 0,
      "confusion": 0,
      "cough": 1,
      "diarrhea": 1,
      "dizziness": 0,
      "dryskin": 0,
      "fatigue": 1,
      "fever": 1,
      "headache": 1,
      "indigestion": 0,
      "itching": 0,
      "nausea": 1,
      "numbness": 0,
      "rash": 0,
      "runnynose": 1,
      "shortofbreath": 0,
      "sneezing": 0,
      "sorethroat": 1,
      "swelling": 0,
      "troubleseeing": 0,
      "troublewalking": 0,
      "illness": "flu"
    },
    {
      "bodyache": 0,
      "chestpain": 0,
      "coldsweat": 0,
      "confusion": 0,
      "cough": 1,
      "diarrhea": 1,
      "dizziness": 0,
      "dryskin": 1,
      "fatigue": 0,
      "fever": 0,
      "headache": 0,
      "indigestion": 0,
      "itching": 1,
      "nausea": 1,
      "numbness": 0,
      "rash": 0,
      "runnynose": 1,
      "shortofbreath": 1,
      "sneezing": 1,
      "sorethroat": 0,
      "swelling": 1,
      "troubleseeing": 0,
      "troublewalking": 0,
      "illness": "allergy"
    },
    {
      "bodyache": 0,
      "chestpain": 0,
      "coldsweat": 0,
      "confusion": 1,
      "cough": 0,
      "diarrhea": 0,
      "dizziness": 0,
      "dryskin": 0,
      "fatigue": 0,
      "fever": 0,
      "headache": 1,
      "indigestion": 0,
      "itching": 0,
      "nausea": 0,
      "numbness": 1,
      "rash": 0,
      "runnynose": 0,
      "shortofbreath": 0,
      "sneezing": 0,
      "sorethroat": 0,
      "swelling": 0,
      "troubleseeing": 1,
      "troublewalking": 1,
      "illness": "stroke"
    },
    {
      "bodyache": 0,
      "chestpain": 1,
      "coldsweat": 1,
      "confusion": 0,
      "cough": 0,
      "diarrhea": 0,
      "dizziness": 1,
      "dryskin": 0,
      "fatigue": 1,
      "fever": 0,
      "headache": 0,
      "indigestion": 1,
      "itching": 0,
      "nausea": 1,
      "numbness": 0,
      "rash": 0,
      "runnynose": 0,
      "shortofbreath": 1,
      "sneezing": 0,
      "sorethroat": 0,
      "swelling": 0,
      "troubleseeing": 0,
      "troublewalking": 0,
      "illness": "heartattack"
    }
  ]